{
  "project_info": {
    "project_number": "544217555729",
    "firebase_url": "https://artclubisims-67c33-default-rtdb.firebaseio.com",
    "project_id": "artclubisims-67c33",
    "storage_bucket": "artclubisims-67c33.firebasestorage.app"
  },
  "client": [
    {
      "client_info": {
        "mobilesdk_app_id": "1:544217555729:android:990f2807850405978362b0",
        "android_client_info": {
          "package_name": "com.mycompany.safecity"
        }
      },
      "oauth_client": [],
      "api_key": [
        {
          "current_key": "AIzaSyAEXHWIt9bdiTVv06pq7hXqcI6iSjJFpus"
        }
      ],
      "services": {
        "appinvite_service": {
          "other_platform_oauth_client": []
        }
      }
    }
  ],
  "configuration_version": "1"
}